[
    {
     "first_name": "Lew",
     "last_name": "Wintheiser",
     "student_id": "94acd9d7-a4cf-4243-9628-cd8f41b1d67c",
     "email": "Lonny30@yahoo.com",
     "password": "eZIn_83z_JCZK8m",
     "token": "Arkansas",
     "id": "1"
    },
    {
     "first_name": "Ryleigh",
     "last_name": "Steuber",
     "student_id": "2bd81780-9268-4821-8ecf-a7ef7fdf13e8",
     "email": "Gust_Hirthe@yahoo.com",
     "password": "D47VXK8CP0dS0AW",
     "token": "Oklahoma",
     "id": "2"
    },
    {
     "first_name": "Raegan",
     "last_name": "Hickle",
     "student_id": "e07848d3-a98b-4204-acfb-c7749711c342",
     "email": "Tobin.Hudson28@gmail.com",
     "password": "m3S35gHrQRQ7qD0",
     "token": "Hawaii",
     "id": "3"
    },
    {
     "first_name": "Levi",
     "last_name": "Bogan",
     "student_id": "287a4f57-6a45-4e59-abcc-ac8d2c056320",
     "email": "Brianne.Waters@gmail.com",
     "password": "hhBu31TUsJG91hq",
     "token": "North Carolina",
     "id": "4"
    },
    {
     "first_name": "Beatrice",
     "last_name": "Hudson",
     "student_id": "931c4f02-27f5-4667-90f0-2652e498a895",
     "email": "Loyce_Welch10@hotmail.com",
     "password": "P6_dsKuWMgoWmyT",
     "token": "Delaware",
     "id": "5"
    },
    {
     "first_name": "Eloy",
     "last_name": "Schroeder",
     "student_id": "48827ba6-2134-4a01-a2b4-bf35b300e297",
     "email": "Ferne56@yahoo.com",
     "password": "BZeg6dd5wcgCUYc",
     "token": "Illinois",
     "id": "6"
    },
    {
     "first_name": "Giovani",
     "last_name": "Russel",
     "student_id": "218bd11c-0e52-4a2b-ac3a-2a1d297e1692",
     "email": "Rosalyn78@yahoo.com",
     "password": "fdhVV8qZ0FnAf3r",
     "token": "West Virginia",
     "id": "7"
    },
    {
     "first_name": "Damaris",
     "last_name": "Littel",
     "student_id": "38074677-94bc-4e36-be41-7ad7f301e395",
     "email": "Nikita_Farrell32@hotmail.com",
     "password": "emJoxTwaOsu3NKd",
     "token": "Ohio",
     "id": "8"
    },
    {
     "first_name": "Marcia",
     "last_name": "Ernser",
     "student_id": "e661b244-44a9-40c0-9ac7-18e59d3cf96a",
     "email": "Haskell.Kirlin18@yahoo.com",
     "password": "8OdAThUQ_k1YWyn",
     "token": "Indiana",
     "id": "9"
    },
    {
     "first_name": "Autumn",
     "last_name": "Predovic",
     "student_id": "ba657988-c1c0-45db-990b-e47b45bbf099",
     "email": "Kody92@hotmail.com",
     "password": "OLyySOZozZwaT_b",
     "token": "Iowa",
     "id": "10"
    },
    {
     "first_name": "Clementina",
     "last_name": "Cremin",
     "student_id": "0490aa88-83c8-4a83-913e-11daf130f73c",
     "email": "Leonora20@gmail.com",
     "password": "08JncxaUaqLmhph",
     "token": "Arizona",
     "id": "11"
    },
    {
     "first_name": "Katrine",
     "last_name": "Green",
     "student_id": "0f44b3f5-9b11-4373-8057-0f5214a521e6",
     "email": "Sedrick_Hackett38@gmail.com",
     "password": "i2KzSsubs6qsQFg",
     "token": "Montana",
     "id": "12"
    },
    {
     "first_name": "Justice",
     "last_name": "Weissnat",
     "student_id": "b4fa6f3b-dd89-40d8-ab43-53d91370bc1d",
     "email": "Mabel.Leffler@yahoo.com",
     "password": "_ZraegCqglRPun7",
     "token": "Utah",
     "id": "13"
    },
    {
     "first_name": "Emilia",
     "last_name": "Zboncak",
     "student_id": "34d16661-294a-4165-b159-12b263b60b7d",
     "email": "Stanford67@yahoo.com",
     "password": "VeWxJYTDvUopaHi",
     "token": "Iowa",
     "id": "14"
    },
    {
     "first_name": "Kennedi",
     "last_name": "Mante",
     "student_id": "2fd4341a-15c4-4a23-a43b-976a3a539fc6",
     "email": "Fanny.Casper58@hotmail.com",
     "password": "o5aHHLEluPU3C5W",
     "token": "Mississippi",
     "id": "15"
    },
    {
     "first_name": "Theresa",
     "last_name": "Schmitt",
     "student_id": "4267ebd6-2f7b-480e-ac50-2d80ae663381",
     "email": "Kelton17@hotmail.com",
     "password": "qmW8pENxe5EQAZH",
     "token": "Nebraska",
     "id": "16"
    },
    {
     "first_name": "Misty",
     "last_name": "Buckridge",
     "student_id": "e248f67c-a57d-4149-90e8-628f39d2ca66",
     "email": "Barbara56@hotmail.com",
     "password": "2BfMGYvWP6vF77K",
     "token": "Kentucky",
     "id": "17"
    },
    {
     "first_name": "Jaquan",
     "last_name": "Deckow",
     "student_id": "cb52a660-f5cb-47eb-9f7f-9042b9941261",
     "email": "Myriam_Turner@yahoo.com",
     "password": "SAJEUZL_MpwEKyX",
     "token": "Arkansas",
     "id": "18"
    },
    {
     "first_name": "Leon",
     "last_name": "Franecki",
     "student_id": "d22609da-d744-48c2-a903-4272c7d8a893",
     "email": "Amos19@hotmail.com",
     "password": "KzOtClooZH_1zne",
     "token": "Texas",
     "id": "19"
    },
    {
     "first_name": "Pete",
     "last_name": "Blanda",
     "student_id": "c6db35bd-0a1b-4973-9db6-710761785843",
     "email": "Gus_Dicki@hotmail.com",
     "password": "UdgWW2LIUlDq2Cc",
     "token": "Pennsylvania",
     "id": "20"
    },
    {
     "first_name": "Antonette",
     "last_name": "Bradtke",
     "student_id": "0df367d3-a1d7-45e8-a29f-ea7ad9be2082",
     "email": "Nico59@hotmail.com",
     "password": "nPbIaRd4WN0cROw",
     "token": "North Carolina",
     "id": "21"
    },
    {
     "first_name": "Mattie",
     "last_name": "Gleichner",
     "student_id": "5eca77c1-2b66-406d-ab98-b98ba4185fc0",
     "email": "Kamron48@yahoo.com",
     "password": "lBUPK8wG4xloDeo",
     "token": "Ohio",
     "id": "22"
    },
    {
     "first_name": "Baby",
     "last_name": "Hauck",
     "student_id": "8ad4e279-ac28-4881-bcc2-271f47d0443b",
     "email": "Delmer32@yahoo.com",
     "password": "EL6hpInLMmbCK7s",
     "token": "Washington",
     "id": "23"
    },
    {
     "first_name": "Van",
     "last_name": "Nicolas",
     "student_id": "d30e5b14-e93c-4944-9700-caeaa5e44ceb",
     "email": "Nora67@yahoo.com",
     "password": "oQnaStUYzI8hXZg",
     "token": "Connecticut",
     "id": "24"
    },
    {
     "first_name": "Carolyn",
     "last_name": "Robel",
     "student_id": "28d4499b-6af1-4e2a-931d-d4515f9068ff",
     "email": "Shaylee_Emard@gmail.com",
     "password": "QyK1CKkuW72z1ED",
     "token": "New Hampshire",
     "id": "25"
    },
    {
     "first_name": "Yasmine",
     "last_name": "Stroman",
     "student_id": "90f68cb6-7296-46ce-af06-0a1eec9be1da",
     "email": "Keaton.Schuster@gmail.com",
     "password": "eMpHyaU9Tu7Wnv4",
     "token": "Nevada",
     "id": "26"
    },
    {
     "first_name": "Isaias",
     "last_name": "Bergstrom",
     "student_id": "0e750fcc-9088-427f-8f58-659b3d3c7f12",
     "email": "Pearline10@hotmail.com",
     "password": "EiWVFVH8FDgkz2E",
     "token": "South Carolina",
     "id": "27"
    },
    {
     "first_name": "Liliane",
     "last_name": "Kautzer",
     "student_id": "7f3a6420-9c21-47c8-9368-bf8608ef6e0f",
     "email": "Cynthia.Ankunding44@yahoo.com",
     "password": "9AAsWZShYXVR9K2",
     "token": "Florida",
     "id": "28"
    },
    {
     "first_name": "Verner",
     "last_name": "Mitchell",
     "student_id": "56c3fe1c-0aad-4ff0-afd1-e275ef85c993",
     "email": "Rafaela.Parker@yahoo.com",
     "password": "I3M5kFHod_bSCHZ",
     "token": "Wisconsin",
     "id": "29"
    },
    {
     "first_name": "Ernestine",
     "last_name": "Jerde",
     "student_id": "a6e5646c-e0e4-42a6-8a29-4e303424561b",
     "email": "Angela.Anderson@hotmail.com",
     "password": "Fui4gL9gxvInqik",
     "token": "Pennsylvania",
     "id": "30"
    },
    {
     "first_name": "Xander",
     "last_name": "Windler",
     "student_id": "9aa915e9-a178-4f81-8721-bdd3defbb125",
     "email": "Eleanore.Tillman61@hotmail.com",
     "password": "8p3n_8wmVcBpbo7",
     "token": "Oklahoma",
     "id": "31"
    },
    {
     "first_name": "Abagail",
     "last_name": "Cormier",
     "student_id": "a576e396-7430-4378-b5ba-772ce38250b2",
     "email": "Blair.Walsh@gmail.com",
     "password": "JI0vO9kCDuHgOIl",
     "token": "West Virginia",
     "id": "32"
    },
    {
     "first_name": "Alicia",
     "last_name": "Ruecker",
     "student_id": "fd966708-4cd4-4904-b741-782be332d240",
     "email": "Theresa46@hotmail.com",
     "password": "j1t8zYYvDyGwAJp",
     "token": "Wyoming",
     "id": "33"
    },
    {
     "first_name": "Christine",
     "last_name": "Jakubowski",
     "student_id": "28451179-8bcb-401b-aa71-4810b39cfae2",
     "email": "Boris19@hotmail.com",
     "password": "CHPqDi306fDlMAm",
     "token": "North Carolina",
     "id": "34"
    },
    {
     "first_name": "Julia",
     "last_name": "Kunde",
     "student_id": "59cb60f6-8cef-42c5-bb6d-e95bf527f505",
     "email": "Margarette29@gmail.com",
     "password": "gjSyPURZMhSj31K",
     "token": "Wisconsin",
     "id": "35"
    },
    {
     "first_name": "Lorenzo",
     "last_name": "Schaefer",
     "student_id": "90aca58a-8e6b-41e2-a3b7-b6c9fc550029",
     "email": "Loyce81@yahoo.com",
     "password": "zuoXEAgPh_7cXHL",
     "token": "Missouri",
     "id": "36"
    },
    {
     "first_name": "Elisabeth",
     "last_name": "Kirlin",
     "student_id": "6074284a-a7a8-415f-9855-75b86c0084f8",
     "email": "Pearlie_Nienow@hotmail.com",
     "password": "w974tJ_dz5MXicz",
     "token": "Georgia",
     "id": "37"
    },
    {
     "first_name": "Joy",
     "last_name": "Howe",
     "student_id": "0576d28d-5d37-4238-91e9-65af506aa361",
     "email": "Jordi.Wolff34@gmail.com",
     "password": "NXruHP5qgO7gPBT",
     "token": "Mississippi",
     "id": "38"
    },
    {
     "first_name": "Hildegard",
     "last_name": "Ernser",
     "student_id": "65ee6bed-1932-4c40-a8c3-01154344a2fc",
     "email": "Anibal85@yahoo.com",
     "password": "XDF35RBv3iMtSL2",
     "token": "New Hampshire",
     "id": "39"
    },
    {
     "first_name": "Bernita",
     "last_name": "Grimes",
     "student_id": "b241a7ec-7fe9-40f1-9d85-6f1d9b3d6cac",
     "email": "Doyle_Weimann@hotmail.com",
     "password": "Fcceor8BdP44Hac",
     "token": "Texas",
     "id": "40"
    },
    {
     "first_name": "Ulices",
     "last_name": "Hand",
     "student_id": "0e8b7e8a-e16a-4aaa-becb-01cffd2511c1",
     "email": "Modesto26@yahoo.com",
     "password": "dULhLJysfHYBvj_",
     "token": "Indiana",
     "id": "41"
    },
    {
     "first_name": "Rowan",
     "last_name": "Mueller",
     "student_id": "6c3071f2-0d9d-40aa-87a6-3bc9cede42f7",
     "email": "Luciano.Cummerata35@yahoo.com",
     "password": "JioX0RzChIQift3",
     "token": "North Carolina",
     "id": "42"
    },
    {
     "first_name": "Felipa",
     "last_name": "Dickens",
     "student_id": "4265e5fd-ad0d-42a6-a158-f18bea5afcf2",
     "email": "Asha_Ruecker8@gmail.com",
     "password": "Cqnf8nPUMmFpgo3",
     "token": "Montana",
     "id": "43"
    },
    {
     "first_name": "Kianna",
     "last_name": "Gleichner",
     "student_id": "c1ad2a69-6f3c-4a8d-ac05-2eac2966429f",
     "email": "Tillman58@hotmail.com",
     "password": "lTynuHw6J5pxu6e",
     "token": "North Dakota",
     "id": "44"
    },
    {
     "first_name": "Julien",
     "last_name": "Gutmann",
     "student_id": "e1578ffb-4c77-4ab3-904e-a3700b01dce0",
     "email": "Moshe.Dickinson39@yahoo.com",
     "password": "YiI09hwl0SHiAfV",
     "token": "Texas",
     "id": "45"
    },
    {
     "first_name": "Mazie",
     "last_name": "Johnston",
     "student_id": "c7f848ef-b9f3-4aa8-885a-dd384c46134d",
     "email": "Tracey43@gmail.com",
     "password": "r3myNrr2sGOBZQu",
     "token": "Nebraska",
     "id": "46"
    },
    {
     "first_name": "Ford",
     "last_name": "Balistreri",
     "student_id": "e21543b2-9c28-4724-9d34-841031cc0272",
     "email": "Ralph.Maggio@hotmail.com",
     "password": "cgqapkl3Y4rceZy",
     "token": "Rhode Island",
     "id": "47"
    },
    {
     "first_name": "Rashawn",
     "last_name": "Jast",
     "student_id": "7def026d-898c-40d4-8ff7-fc2a426d767d",
     "email": "Cyril.Durgan63@yahoo.com",
     "password": "09eTw3Uv1S79IvB",
     "token": "Oregon",
     "id": "48"
    },
    {
     "first_name": "Ayla",
     "last_name": "Harris",
     "student_id": "93491832-4ff8-476b-8f48-43812609f60c",
     "email": "Bill_Bartell@hotmail.com",
     "password": "whQKL2XGAqX22e3",
     "token": "New Jersey",
     "id": "49"
    },
    {
     "first_name": "Kattie",
     "last_name": "Conroy",
     "student_id": "c396ad8e-0eda-49bf-b2ce-a2874a55e3af",
     "email": "Cristopher.Breitenberg@yahoo.com",
     "password": "TVP2CzvfPc7pIyS",
     "token": "Virginia",
     "id": "50"
    },
    {
     "first_name": "Jarret",
     "last_name": "Deckow",
     "student_id": "81bbfd53-e879-405a-a5ae-23c4ba1b5c3b",
     "email": "Milton25@yahoo.com",
     "password": "fShrvHLNhQlPrzU",
     "token": "Maryland",
     "id": "51"
    },
    {
     "first_name": "Demarcus",
     "last_name": "Ernser",
     "student_id": "2e0e1d91-9cfc-4503-90f9-ca749f8fc919",
     "email": "Godfrey.Jakubowski70@yahoo.com",
     "password": "PPPULIILA8qWDRz",
     "token": "Alabama",
     "id": "52"
    },
    {
     "first_name": "Larry",
     "last_name": "Becker",
     "student_id": "d4ec4bf1-0620-42dd-9522-483fd63ab0b6",
     "email": "Theron.Larkin@yahoo.com",
     "password": "3FBfCLuduc7yLFF",
     "token": "Idaho",
     "id": "53"
    },
    {
     "first_name": "Jameson",
     "last_name": "Marks",
     "student_id": "ac70a373-f280-4758-893a-ae81a0c752fb",
     "email": "Leora.Bergstrom30@yahoo.com",
     "password": "E38uHhpQulSF1fb",
     "token": "Delaware",
     "id": "54"
    },
    {
     "first_name": "Abel",
     "last_name": "Donnelly",
     "student_id": "0f6f0032-c2c4-42ba-b4ba-379872fd5374",
     "email": "Jarrod.Turcotte57@gmail.com",
     "password": "cZbc8Y3TuAXg9Qw",
     "token": "Oregon",
     "id": "55"
    },
    {
     "first_name": "Alena",
     "last_name": "Kuhlman",
     "student_id": "ca692d2d-a9f8-492d-8ba0-babe2f563b10",
     "email": "Graham_Marks63@yahoo.com",
     "password": "U1L4xhRFZgqHiA0",
     "token": "Arizona",
     "id": "56"
    },
    {
     "first_name": "Makenna",
     "last_name": "Carroll",
     "student_id": "f3c281c0-60bb-4dbf-8527-ff2fa8991696",
     "email": "Dario.Bergnaum70@gmail.com",
     "password": "FmoqgbZkn7NmoTD",
     "token": "Arkansas",
     "id": "57"
    },
    {
     "first_name": "Daisy",
     "last_name": "Lueilwitz",
     "student_id": "43fd3e0a-b403-4520-a3ea-49bbf9f56ad4",
     "email": "Kara98@gmail.com",
     "password": "q1rYsgu5Xg9ZX0I",
     "token": "Nevada",
     "id": "58"
    },
    {
     "first_name": "Ofelia",
     "last_name": "Muller",
     "student_id": "aeac2e1f-9bd0-4225-9557-9df8ceaa5d0c",
     "email": "Lexi86@yahoo.com",
     "password": "nLUuG0h61mkenbK",
     "token": "Illinois",
     "id": "59"
    },
    {
     "first_name": "Giovani",
     "last_name": "Crona",
     "student_id": "3daf9167-c828-4dd6-b249-af8ee2527632",
     "email": "Brandy67@gmail.com",
     "password": "vsoaqndzGcjnoTA",
     "token": "West Virginia",
     "id": "60"
    },
    {
     "first_name": "Makayla",
     "last_name": "Little",
     "student_id": "812b01f8-8541-4b52-87d8-20fd9bc3258f",
     "email": "Cristal.Pagac@gmail.com",
     "password": "wT_kPFgZq0RMBu3",
     "token": "Iowa",
     "id": "61"
    },
    {
     "first_name": "Nikita",
     "last_name": "Nader",
     "student_id": "1210d62e-03ab-427e-97fa-1078e17eb994",
     "email": "Toy.Abbott60@gmail.com",
     "password": "DTVTXbol3jTk8eJ",
     "token": "Nevada",
     "id": "62"
    },
    {
     "first_name": "Mollie",
     "last_name": "Dooley",
     "student_id": "9320e4b0-7e97-4ecc-8425-58281e4d0175",
     "email": "Ivy.Gerlach75@hotmail.com",
     "password": "zVKR4J0UiFgfJLt",
     "token": "Florida",
     "id": "63"
    },
    {
     "first_name": "Thora",
     "last_name": "Jaskolski",
     "student_id": "209d46f6-6750-4f4a-b7b1-0a39d4823a38",
     "email": "Erling.Donnelly96@gmail.com",
     "password": "JWtWxmxR5zpIn7u",
     "token": "Nevada",
     "id": "64"
    },
    {
     "first_name": "Deondre",
     "last_name": "Goyette",
     "student_id": "b84fcf02-11d2-45a2-947a-4204b8b5ddc8",
     "email": "Shany.Emard@yahoo.com",
     "password": "isz96mWNhrcsDT3",
     "token": "Oklahoma",
     "id": "65"
    },
    {
     "first_name": "Javon",
     "last_name": "Hansen",
     "student_id": "85ae154e-e923-4878-b316-33677d42f9bb",
     "email": "Katlyn.Hilpert33@yahoo.com",
     "password": "l4c7FHWh8nGwxnM",
     "token": "Florida",
     "id": "66"
    },
    {
     "first_name": "Hilma",
     "last_name": "Gleason",
     "student_id": "1d6e31ec-015c-461d-a4e7-45fd6a185725",
     "email": "Johnathon_Muller@gmail.com",
     "password": "zTSQAhcoTaR61wi",
     "token": "Nebraska",
     "id": "67"
    },
    {
     "first_name": "Rozella",
     "last_name": "Skiles",
     "student_id": "8e250bac-8a11-460a-a76b-4c2e715f5fb8",
     "email": "Harley_Farrell@hotmail.com",
     "password": "DzoFvP05XUaarOB",
     "token": "Mississippi",
     "id": "68"
    },
    {
     "first_name": "Kraig",
     "last_name": "Yost",
     "student_id": "72e32ed8-269d-45ae-b361-2ce312471e49",
     "email": "Eriberto.Runte@hotmail.com",
     "password": "cBXay1Z_tirR2xr",
     "token": "Arkansas",
     "id": "69"
    },
    {
     "first_name": "Tracey",
     "last_name": "Reilly",
     "student_id": "7c500801-4bba-4819-8e9b-232e21cde79e",
     "email": "Annabel_Satterfield@gmail.com",
     "password": "9zBlWeegRO7btrx",
     "token": "New Mexico",
     "id": "70"
    },
    {
     "first_name": "Troy",
     "last_name": "Jacobson",
     "student_id": "9f0f09cc-ef73-4d34-898b-a946447a3ffa",
     "email": "Eva_Ullrich@gmail.com",
     "password": "EWgO3bhmFNxbrP_",
     "token": "Florida",
     "id": "71"
    },
    {
     "first_name": "Idell",
     "last_name": "Shanahan",
     "student_id": "00de993b-fe8f-419d-a52f-c0ff26177365",
     "email": "Jessika6@hotmail.com",
     "password": "yCpsrj3vWJJYbi0",
     "token": "Michigan",
     "id": "72"
    },
    {
     "first_name": "Daron",
     "last_name": "Maggio",
     "student_id": "b3130311-e406-4464-a285-afbdf9d3fbd7",
     "email": "Travon_Spencer@hotmail.com",
     "password": "EJu9NHcoDk5jPio",
     "token": "California",
     "id": "73"
    },
    {
     "first_name": "Haylee",
     "last_name": "O'Keefe",
     "student_id": "5f8163a1-367f-4405-b167-17989882bc06",
     "email": "Camron.Herzog2@gmail.com",
     "password": "1UflU496ahsVHZE",
     "token": "Illinois",
     "id": "74"
    },
    {
     "first_name": "Mabel",
     "last_name": "Bins",
     "student_id": "a143abfa-2a96-4a9f-b4d9-9c7ce24ddbd4",
     "email": "Karlee9@yahoo.com",
     "password": "8NCi_AH3q8s7TFe",
     "token": "South Carolina",
     "id": "75"
    },
    {
     "first_name": "Elenor",
     "last_name": "Wyman",
     "student_id": "213ffe5b-47c6-48a7-8c90-da89099b3da4",
     "email": "Jalen_Wuckert63@gmail.com",
     "password": "JeGh3Og8QkmwKVx",
     "token": "Florida",
     "id": "76"
    },
    {
     "first_name": "Dorothea",
     "last_name": "Ondricka",
     "student_id": "1c17c4d6-460e-4351-b752-28d997763926",
     "email": "Brooke.Mills38@gmail.com",
     "password": "XHWfrcQy6lg0STf",
     "token": "New York",
     "id": "77"
    },
    {
     "first_name": "Kenyon",
     "last_name": "O'Kon",
     "student_id": "69d97941-598b-415b-b233-f814861b96c4",
     "email": "Estell_Moore@yahoo.com",
     "password": "FL6ZUZdjyfgg0we",
     "token": "Wyoming",
     "id": "78"
    },
    {
     "first_name": "Corene",
     "last_name": "Mosciski",
     "student_id": "ce74edf8-a6dd-421b-b3a6-bfaf038e85bd",
     "email": "Lukas.Abshire48@yahoo.com",
     "password": "YugiqSfXaH5gh2K",
     "token": "Missouri",
     "id": "79"
    },
    {
     "first_name": "Deangelo",
     "last_name": "Johnston",
     "student_id": "e49bc905-fd12-4f48-9311-8b17da1a00b5",
     "email": "Bennett_Boyle@gmail.com",
     "password": "TvhRtZQE0t26vQe",
     "token": "Kansas",
     "id": "80"
    },
    {
     "first_name": "Emile",
     "last_name": "Ankunding",
     "student_id": "43355dce-9e7d-4304-8882-89373916fb20",
     "email": "Garth_Mante13@hotmail.com",
     "password": "leYct5BblFxdcWm",
     "token": "New York",
     "id": "81"
    },
    {
     "first_name": "Judge",
     "last_name": "Stanton",
     "student_id": "1ff03aee-dda5-4f56-b2a1-46dee836f002",
     "email": "Richmond5@yahoo.com",
     "password": "wdaWbku68K1OkPd",
     "token": "Texas",
     "id": "82"
    },
    {
     "first_name": "Murphy",
     "last_name": "Dibbert",
     "student_id": "e4f1b1d5-592b-4413-bd62-192df0dca1f3",
     "email": "Rollin.Kovacek@gmail.com",
     "password": "XFQOuxT3tpsQfan",
     "token": "Maine",
     "id": "83"
    },
    {
     "first_name": "Frieda",
     "last_name": "Jacobi",
     "student_id": "3fd24739-592f-4ede-9e76-fb4ab6e3ba7f",
     "email": "Brandt48@yahoo.com",
     "password": "UdJSaRv7KuHrh_4",
     "token": "Iowa",
     "id": "84"
    },
    {
     "first_name": "Delores",
     "last_name": "Trantow",
     "student_id": "34562f2f-7b94-4b90-8ec2-a4a2385a226f",
     "email": "Rowan_Rath@yahoo.com",
     "password": "aQgQtkNOJ0h2aGu",
     "token": "Ohio",
     "id": "85"
    },
    {
     "first_name": "D'angelo",
     "last_name": "Stamm",
     "student_id": "47e42ead-6519-4a29-9088-0f2c25290500",
     "email": "Jazmyn_Wehner@yahoo.com",
     "password": "artbCg5RxIu3NZk",
     "token": "Rhode Island",
     "id": "86"
    },
    {
     "first_name": "Tracy",
     "last_name": "Wilderman",
     "student_id": "3811d492-9390-4a7c-8d18-fbbb9f5f58cd",
     "email": "Gladys_Will28@yahoo.com",
     "password": "mUPfGsvWOIUCfdn",
     "token": "Oregon",
     "id": "87"
    },
    {
     "first_name": "Aryanna",
     "last_name": "Bernier",
     "student_id": "8c225b43-d3df-49aa-adad-45e30b56d93e",
     "email": "Yesenia85@hotmail.com",
     "password": "AXnUhsQRDO86UOk",
     "token": "Wisconsin",
     "id": "88"
    },
    {
     "first_name": "Pablo",
     "last_name": "Corkery",
     "student_id": "870c0bd5-b114-49b0-8947-fed07ad0679d",
     "email": "Anderson.Treutel@yahoo.com",
     "password": "_VWJcTfGyQxCvvM",
     "token": "Indiana",
     "id": "89"
    },
    {
     "first_name": "Etha",
     "last_name": "Hahn",
     "student_id": "85e8d1ef-262b-4a95-8675-1a3409122482",
     "email": "Elton.Stiedemann5@hotmail.com",
     "password": "fxqNpGVNXWYxSHU",
     "token": "Texas",
     "id": "90"
    },
    {
     "first_name": "Karley",
     "last_name": "Hermiston",
     "student_id": "68ffb7c8-fda8-4ed3-b64d-cce665dcfc90",
     "email": "Rubye.Dietrich45@hotmail.com",
     "password": "CyFMo_4MyzLDnnK",
     "token": "Virginia",
     "id": "91"
    },
    {
     "first_name": "Patience",
     "last_name": "Walsh",
     "student_id": "68c142ef-1918-4a69-a3f7-435bd48d9546",
     "email": "Ashton.Zemlak65@yahoo.com",
     "password": "7oTGv1hkE8Xf8P6",
     "token": "Kansas",
     "id": "92"
    },
    {
     "first_name": "Brielle",
     "last_name": "Hane",
     "student_id": "ab0e6f98-2db2-4bc9-b311-3996ed6c6d8f",
     "email": "Callie_Tromp50@yahoo.com",
     "password": "KAsvR1GNiR7DSPl",
     "token": "Texas",
     "id": "93"
    },
    {
     "first_name": "Ardella",
     "last_name": "Rempel",
     "student_id": "760f43f2-d889-46b3-b3ca-d577d9320cc7",
     "email": "Bridie.Moen32@hotmail.com",
     "password": "MLmPASEIXhmOcXa",
     "token": "Idaho",
     "id": "94"
    },
    {
     "first_name": "Mercedes",
     "last_name": "Crooks",
     "student_id": "e27ccfc7-cde4-458e-9423-98d375395c91",
     "email": "Ryann.Murazik27@hotmail.com",
     "password": "OSq2sOzj6xol9jt",
     "token": "Illinois",
     "id": "95"
    },
    {
     "first_name": "Alessandra",
     "last_name": "Cassin",
     "student_id": "e46a52b2-afed-4565-b97b-58273a5917ed",
     "email": "Mustafa0@hotmail.com",
     "password": "A9K99pozuISC3z1",
     "token": "Kentucky",
     "id": "96"
    },
    {
     "first_name": "Furman",
     "last_name": "Turner",
     "student_id": "8b94b245-79d4-4385-8866-63511163b836",
     "email": "Raven.Block@yahoo.com",
     "password": "_aWFkPiMZ5QZioV",
     "token": "Maryland",
     "id": "97"
    },
    {
     "first_name": "Toni",
     "last_name": "Jast",
     "student_id": "5488c4da-10de-404e-93ba-9149270adc77",
     "email": "Fritz53@gmail.com",
     "password": "DNkqNkBJdetIvsE",
     "token": "North Dakota",
     "id": "98"
    },
    {
     "first_name": "Concepcion",
     "last_name": "Larkin",
     "student_id": "b243de53-2145-4e1b-b7c6-47aeb7cb3fb2",
     "email": "Alba45@gmail.com",
     "password": "g4BVxT2cKe4Ztv5",
     "token": "Arkansas",
     "id": "99"
    },
    {
     "first_name": "Reymundo",
     "last_name": "Robel",
     "student_id": "5cbb08dd-3f36-46eb-8f4d-7e299e579151",
     "email": "Benny.Ruecker94@gmail.com",
     "password": "5oLWIXOYvSI8jlo",
     "token": "Tennessee",
     "id": "100"
    }
   ]